rule,premise,conclusion,support,confidence,lift,avg_distance_norm,avg_cardinality,score,premise_count,conclusion_count,co_occurrences
jeweller → clothes,jeweller,clothes,0.898,1.0,1.98,0.309,11.22,0.7592,842,3601,9446
mobile_phone_shop → clothes,mobile_phone_shop,clothes,0.885,0.812,1.96,0.34,8.12,0.5967,365,3601,2965
shoe_shop → clothes,shoe_shop,clothes,0.817,0.864,1.81,0.376,8.64,0.5733,710,3601,6135
optician → clothes,optician,clothes,0.793,0.651,1.75,0.443,6.51,0.4015,776,3601,5049
bookshop → clothes,bookshop,clothes,0.759,0.612,1.68,0.496,6.12,0.3493,436,3601,2668
travel_agent → clothes,travel_agent,clothes,0.698,0.537,1.54,0.528,5.37,0.2757,460,3601,2469
mobile_phone_shop → hairdresser,mobile_phone_shop,hairdresser,0.89,0.315,1.53,0.438,3.15,0.2187,365,4634,1148
jeweller → cafe,jeweller,cafe,0.835,0.31,2.0,0.484,3.1,0.1962,842,3316,2610
video_shop → clothes,video_shop,clothes,0.75,0.325,1.66,0.606,3.25,0.1699,8,3601,26
mobile_phone_shop → fast_food,mobile_phone_shop,fast_food,0.715,0.29,2.12,0.571,2.9,0.1484,365,2688,1060
clothes → cafe,clothes,cafe,0.765,0.254,1.83,0.534,2.54,0.1424,3601,3316,9154
mobile_phone_shop → cafe,mobile_phone_shop,cafe,0.748,0.245,1.79,0.547,2.45,0.1334,365,3316,896
bookshop → cafe,bookshop,cafe,0.75,0.232,1.8,0.561,2.32,0.1254,436,3316,1013
clothes → jeweller,clothes,jeweller,0.666,0.262,6.29,0.581,2.62,0.1238,3601,842,9446
optician → cafe,optician,cafe,0.731,0.227,1.75,0.561,2.27,0.1192,776,3316,1760
shoe_shop → cafe,shoe_shop,cafe,0.703,0.23,1.69,0.564,2.3,0.1159,710,3316,1630
food_court → fast_food,food_court,fast_food,0.6,0.28,1.78,0.623,2.8,0.1157,75,2688,210
jeweller → fast_food,jeweller,fast_food,0.696,0.24,2.06,0.616,2.4,0.1156,842,2688,2020
video_shop → bar,video_shop,bar,0.5,0.3,1.78,0.557,3.0,0.1082,8,2240,24
mobile_phone_shop → jeweller,mobile_phone_shop,jeweller,0.704,0.212,6.65,0.565,2.12,0.107,365,842,773
food_court → supermarket,food_court,supermarket,0.747,0.179,1.72,0.416,1.79,0.1056,75,3462,134
shoe_shop → jeweller,shoe_shop,jeweller,0.61,0.24,5.76,0.61,2.4,0.1016,710,842,1702
travel_agent → cafe,travel_agent,cafe,0.683,0.208,1.64,0.594,2.08,0.1,460,3316,958
jeweller → shoe_shop,jeweller,shoe_shop,0.702,0.202,7.87,0.595,2.02,0.0997,842,710,1702
clothes → fast_food,clothes,fast_food,0.661,0.217,1.96,0.64,2.17,0.0976,3601,2688,7817
jeweller → bar,jeweller,bar,0.675,0.205,2.4,0.639,2.05,0.0942,842,2240,1727
shoe_shop → fast_food,shoe_shop,fast_food,0.613,0.225,1.81,0.649,2.25,0.0932,710,2688,1599
mobile_phone_shop → shoe_shop,mobile_phone_shop,shoe_shop,0.723,0.174,8.11,0.551,1.74,0.091,365,710,634
bookshop → fast_food,bookshop,fast_food,0.651,0.206,1.93,0.646,2.06,0.0906,436,2688,896
mobile_phone_shop → supermarket,mobile_phone_shop,supermarket,0.775,0.156,1.78,0.566,1.56,0.0865,365,3462,568
travel_agent → fast_food,travel_agent,fast_food,0.624,0.197,1.85,0.664,1.97,0.0822,460,2688,907
optician → fast_food,optician,fast_food,0.64,0.19,1.9,0.653,1.9,0.082,776,2688,1475
jeweller → optician,jeweller,optician,0.716,0.163,7.34,0.595,1.63,0.0818,842,776,1370
mobile_phone_shop → pharmacy,mobile_phone_shop,pharmacy,0.795,0.138,3.97,0.555,1.38,0.0794,365,1593,505
clothes → shoe_shop,clothes,shoe_shop,0.652,0.17,7.31,0.612,1.7,0.0771,3601,710,6135
mobile_phone_shop → optician,mobile_phone_shop,optician,0.732,0.146,7.5,0.559,1.46,0.0768,365,776,532
newsagent → fast_food,newsagent,fast_food,0.607,0.177,1.8,0.63,1.77,0.0734,239,2688,422
market_place → cafe,market_place,cafe,0.629,0.164,1.51,0.639,1.64,0.0702,140,3316,230
mall → supermarket,mall,supermarket,0.674,0.137,1.55,0.499,1.37,0.0694,43,3462,59
clothes → bar,clothes,bar,0.602,0.174,2.14,0.686,1.74,0.0688,3601,2240,6264
bookshop → bar,bookshop,bar,0.596,0.176,2.12,0.698,1.76,0.0685,436,2240,769
chemist → supermarket,chemist,supermarket,0.71,0.131,1.63,0.544,1.31,0.0676,359,3462,469
optician → jeweller,optician,jeweller,0.566,0.177,5.35,0.653,1.77,0.0673,776,842,1370
nightclub → bar,nightclub,bar,0.509,0.198,1.81,0.686,1.98,0.0663,271,2240,537
bookshop → jeweller,bookshop,jeweller,0.564,0.169,5.33,0.668,1.69,0.0637,436,842,739
clothes → optician,clothes,optician,0.653,0.14,6.7,0.637,1.4,0.0625,3601,776,5049
optician → pharmacy,optician,pharmacy,0.705,0.12,3.52,0.607,1.2,0.059,776,1593,932
beauty_shop → fast_food,beauty_shop,fast_food,0.556,0.16,1.64,0.697,1.6,0.0579,1258,2688,2011
cinema → fast_food,cinema,fast_food,0.538,0.165,1.59,0.727,1.65,0.0567,234,2688,387
optician → supermarket,optician,supermarket,0.68,0.123,1.56,0.649,1.23,0.0564,776,3462,952
shoe_shop → optician,shoe_shop,optician,0.625,0.132,6.41,0.657,1.32,0.0556,710,776,940
shoe_shop → supermarket,shoe_shop,supermarket,0.661,0.124,1.52,0.642,1.24,0.0555,710,3462,879
taxi → fast_food,taxi,fast_food,0.55,0.153,1.63,0.684,1.53,0.0553,202,2688,309
jeweller → pharmacy,jeweller,pharmacy,0.692,0.116,3.46,0.64,1.16,0.0548,842,1593,979
food_court → pharmacy,food_court,pharmacy,0.72,0.105,3.6,0.577,1.05,0.054,75,1593,79
optician → bar,optician,bar,0.549,0.151,1.95,0.718,1.51,0.053,776,2240,1168
shoe_shop → pharmacy,shoe_shop,pharmacy,0.663,0.111,3.31,0.638,1.11,0.0503,710,1593,790
travel_agent → jeweller,travel_agent,jeweller,0.517,0.151,4.89,0.714,1.51,0.0501,460,842,693
cinema → bar,cinema,bar,0.551,0.138,1.96,0.699,1.38,0.0495,234,2240,323
clothes → pharmacy,clothes,pharmacy,0.667,0.109,3.33,0.654,1.09,0.0491,3601,1593,3940
jeweller → beauty_shop,jeweller,beauty_shop,0.591,0.126,3.74,0.691,1.26,0.0488,842,1258,1062
stationery → jeweller,stationery,jeweller,0.482,0.154,4.55,0.72,1.54,0.0474,249,842,383
stationery → fast_food,stationery,fast_food,0.518,0.14,1.53,0.722,1.4,0.0463,249,2688,348
jeweller → bakery,jeweller,bakery,0.638,0.11,2.46,0.676,1.1,0.0463,842,2065,924
food_court → jeweller,food_court,jeweller,0.52,0.131,4.91,0.704,1.31,0.044,75,842,98
mobile_phone_shop → bar,mobile_phone_shop,bar,0.532,0.13,1.89,0.75,1.3,0.0431,365,2240,474
travel_agent → pharmacy,travel_agent,pharmacy,0.62,0.105,3.1,0.678,1.05,0.043,460,1593,483
shoe_shop → bar,shoe_shop,bar,0.494,0.139,1.76,0.753,1.39,0.043,710,2240,990
newsagent → pharmacy,newsagent,pharmacy,0.644,0.095,3.22,0.614,0.95,0.0426,239,1593,228
travel_agent → bar,travel_agent,bar,0.515,0.131,1.83,0.744,1.31,0.0425,460,2240,604
optician → shoe_shop,optician,shoe_shop,0.539,0.121,6.04,0.705,1.21,0.0422,776,710,940
toy_shop → bar,toy_shop,bar,0.5,0.133,1.78,0.736,1.33,0.042,218,2240,290
jeweller → hotel,jeweller,hotel,0.555,0.119,1.77,0.731,1.19,0.0417,842,2489,998
market_place → fast_food,market_place,fast_food,0.55,0.122,1.63,0.768,1.22,0.0414,140,2688,171
clothes → beauty_shop,clothes,beauty_shop,0.55,0.116,3.48,0.711,1.16,0.0411,3601,1258,4172
bookshop → optician,bookshop,optician,0.548,0.116,5.62,0.717,1.16,0.0409,436,776,507
mobile_phone_shop → beauty_shop,mobile_phone_shop,beauty_shop,0.54,0.116,3.41,0.692,1.16,0.0408,365,1258,422
bookshop → shoe_shop,bookshop,shoe_shop,0.518,0.12,5.81,0.722,1.2,0.0398,436,710,524
gift_shop → jeweller,gift_shop,jeweller,0.415,0.146,3.93,0.729,1.46,0.0386,496,842,726
optician → bakery,optician,bakery,0.604,0.097,2.33,0.687,0.97,0.0386,776,2065,754
mobile_phone_shop → bakery,mobile_phone_shop,bakery,0.575,0.1,2.22,0.704,1.0,0.0374,365,2065,366
bookshop → pharmacy,bookshop,pharmacy,0.599,0.096,2.99,0.704,0.96,0.0373,436,1593,419
toy_shop → fast_food,toy_shop,fast_food,0.509,0.117,1.51,0.753,1.17,0.037,218,2688,254
gift_shop → bar,gift_shop,bar,0.478,0.121,1.7,0.74,1.21,0.0364,496,2240,599
toy_shop → jeweller,toy_shop,jeweller,0.427,0.138,4.03,0.759,1.38,0.0364,218,842,300
food_court → shoe_shop,food_court,shoe_shop,0.52,0.108,5.83,0.718,1.08,0.036,75,710,81
stationery → pharmacy,stationery,pharmacy,0.614,0.088,3.07,0.702,0.88,0.0352,249,1593,220
travel_agent → optician,travel_agent,optician,0.52,0.105,5.33,0.722,1.05,0.035,460,776,485
shoe_shop → beauty_shop,shoe_shop,beauty_shop,0.496,0.11,3.14,0.733,1.1,0.0347,710,1258,784
muslim_sunni → fast_food,muslim_sunni,fast_food,0.545,0.1,1.61,0.728,1.0,0.0347,11,2688,11
market_place → bar,market_place,bar,0.471,0.116,1.67,0.772,1.16,0.0335,140,2240,162
jeweller → doctors,jeweller,doctors,0.433,0.128,1.74,0.789,1.28,0.0335,842,1979,1075
stationery → optician,stationery,optician,0.51,0.103,5.23,0.724,1.03,0.0334,249,776,256
optician → beauty_shop,optician,beauty_shop,0.491,0.107,3.11,0.738,1.07,0.0333,776,1258,834
clothes → bakery,clothes,bakery,0.563,0.092,2.17,0.717,0.92,0.0333,3601,2065,3327
taxi → convenience,taxi,convenience,0.554,0.091,1.64,0.685,0.91,0.033,202,2695,183
gift_shop → hotel,gift_shop,hotel,0.488,0.109,1.56,0.764,1.09,0.0329,496,2489,541
bookshop → bakery,bookshop,bakery,0.55,0.093,2.12,0.716,0.93,0.0328,436,2065,405
travel_agent → shoe_shop,travel_agent,shoe_shop,0.478,0.109,5.36,0.754,1.09,0.0325,460,710,502
video_shop → doctors,video_shop,doctors,0.5,0.1,2.01,0.712,1.0,0.0322,8,1979,8
shoe_shop → bakery,shoe_shop,bakery,0.541,0.092,2.08,0.717,0.92,0.032,710,2065,654
travel_agent → bakery,travel_agent,bakery,0.533,0.094,2.05,0.736,0.94,0.0318,460,2065,434
department_store → jeweller,department_store,jeweller,0.398,0.13,3.76,0.778,1.3,0.0316,176,842,229
bookshop → convenience,bookshop,convenience,0.53,0.093,1.56,0.726,0.93,0.0315,436,2695,407
food_court → kiosk,food_court,kiosk,0.52,0.092,3.58,0.683,0.92,0.0315,75,1156,69
market_place → pharmacy,market_place,pharmacy,0.579,0.085,2.89,0.717,0.85,0.0315,140,1593,119
market_place → jeweller,market_place,jeweller,0.4,0.131,3.78,0.809,1.31,0.0311,140,842,183
mobile_phone_shop → convenience,mobile_phone_shop,convenience,0.532,0.092,1.57,0.769,0.92,0.0302,365,2695,337
bookshop → beauty_shop,bookshop,beauty_shop,0.495,0.098,3.13,0.755,0.98,0.0302,436,1258,427
travel_agent → doctors,travel_agent,doctors,0.43,0.115,1.73,0.797,1.15,0.0298,460,1979,529
mobile_phone_shop → travel_agent,mobile_phone_shop,travel_agent,0.521,0.089,9.01,0.716,0.89,0.0297,365,460,324
travel_agent → beauty_shop,travel_agent,beauty_shop,0.461,0.104,2.92,0.764,1.04,0.0295,460,1258,477
newsagent → bakery,newsagent,bakery,0.531,0.086,2.05,0.708,0.86,0.0294,239,2065,205
department_store → optician,department_store,optician,0.438,0.108,4.49,0.759,1.08,0.0293,176,776,190
stationery → bar,stationery,bar,0.458,0.104,1.63,0.767,1.04,0.0293,249,2240,259
dentist → doctors,dentist,doctors,0.42,0.111,1.69,0.74,1.11,0.0293,645,1979,713
department_store → pharmacy,department_store,pharmacy,0.489,0.096,2.44,0.752,0.96,0.0293,176,1593,169
outdoor_shop → bar,outdoor_shop,bar,0.433,0.109,1.54,0.771,1.09,0.029,141,2240,154
food_court → mobile_phone_shop,food_court,mobile_phone_shop,0.467,0.096,10.17,0.723,0.96,0.0286,75,365,72
stationery → shoe_shop,stationery,shoe_shop,0.458,0.098,5.13,0.741,0.98,0.0284,249,710,245
market_place → bakery,market_place,bakery,0.529,0.084,2.04,0.741,0.84,0.028,140,2065,118
optician → convenience,optician,convenience,0.512,0.087,1.51,0.76,0.87,0.0275,776,2695,672
jeweller → bookshop,jeweller,bookshop,0.495,0.088,9.04,0.755,0.88,0.0271,842,436,739
university → library,university,library,0.505,0.082,3.75,0.69,0.82,0.0271,111,1072,91
mobile_phone_shop → kiosk,mobile_phone_shop,kiosk,0.51,0.082,3.51,0.723,0.82,0.0268,365,1156,300
market_place → doctors,market_place,doctors,0.407,0.112,1.64,0.824,1.12,0.0268,140,1979,157
stationery → bakery,stationery,bakery,0.522,0.08,2.01,0.721,0.8,0.0266,249,2065,198
mobile_phone_shop → doctors,mobile_phone_shop,doctors,0.416,0.105,1.67,0.806,1.05,0.0261,365,1979,383
jeweller → florist,jeweller,florist,0.539,0.076,4.5,0.738,0.76,0.0259,842,953,641
jeweller → travel_agent,jeweller,travel_agent,0.493,0.082,8.53,0.751,0.82,0.0253,842,460,693
mobile_phone_shop → bookshop,mobile_phone_shop,bookshop,0.496,0.081,9.05,0.74,0.81,0.0253,365,436,296
optician → doctors,optician,doctors,0.428,0.096,1.72,0.789,0.96,0.0248,776,1979,742
video_shop → pub,video_shop,pub,0.5,0.075,5.49,0.689,0.75,0.0246,8,725,6
video_shop → kiosk,video_shop,kiosk,0.5,0.075,3.44,0.693,0.75,0.0245,8,1156,6
shoe_shop → mobile_phone_shop,shoe_shop,mobile_phone_shop,0.434,0.089,9.46,0.752,0.89,0.0242,710,365,634
jeweller → mobile_phone_shop,jeweller,mobile_phone_shop,0.425,0.092,9.27,0.764,0.92,0.0241,842,365,773
stationery → beauty_shop,stationery,beauty_shop,0.45,0.086,2.85,0.764,0.86,0.024,249,1258,215
gift_shop → bakery,gift_shop,bakery,0.486,0.078,1.87,0.748,0.78,0.0236,496,2065,385
video_shop → optician,video_shop,optician,0.375,0.1,3.85,0.747,1.0,0.0235,8,776,8
jeweller → gift_shop,jeweller,gift_shop,0.436,0.086,6.99,0.766,0.86,0.0232,842,496,726
food_court → beauty_shop,food_court,beauty_shop,0.48,0.077,3.04,0.751,0.77,0.0232,75,1258,58
cinema → pharmacy,cinema,pharmacy,0.479,0.078,2.39,0.768,0.78,0.0229,234,1593,182
mall → pharmacy,mall,pharmacy,0.488,0.072,2.44,0.698,0.72,0.0229,43,1593,31
video_shop → jeweller,video_shop,jeweller,0.375,0.1,3.54,0.786,1.0,0.0228,8,842,8
department_store → shoe_shop,department_store,shoe_shop,0.375,0.102,4.2,0.802,1.02,0.0228,176,710,179
laundry → pharmacy,laundry,pharmacy,0.509,0.07,2.54,0.747,0.7,0.0222,428,1593,298
shoe_shop → doctors,shoe_shop,doctors,0.385,0.096,1.55,0.812,0.96,0.022,710,1979,683
mall → shoe_shop,mall,shoe_shop,0.465,0.074,5.21,0.734,0.74,0.0219,43,710,32
toy_shop → shoe_shop,toy_shop,shoe_shop,0.417,0.087,4.68,0.802,0.87,0.0217,218,710,189
clothes → doctors,clothes,doctors,0.392,0.093,1.58,0.823,0.93,0.0215,3601,1979,3357
market_place → optician,market_place,optician,0.436,0.084,4.47,0.825,0.84,0.0214,140,776,117
mobile_phone_shop → florist,mobile_phone_shop,florist,0.482,0.071,4.03,0.749,0.71,0.0213,365,953,258
hairdresser → beauty_shop,hairdresser,beauty_shop,0.405,0.084,2.56,0.776,0.84,0.0209,4634,1258,3910
clothes → bookshop,clothes,bookshop,0.459,0.074,8.38,0.782,0.74,0.0207,3601,436,2668
toy_shop → bakery,toy_shop,bakery,0.459,0.074,1.77,0.781,0.74,0.0207,218,2065,161
toy_shop → pharmacy,toy_shop,pharmacy,0.468,0.072,2.34,0.773,0.72,0.0205,218,1593,156
video_shop → bookshop,video_shop,bookshop,0.375,0.088,6.84,0.766,0.88,0.0203,8,436,7
food_court → doctors,food_court,doctors,0.4,0.087,1.61,0.829,0.87,0.0203,75,1979,65
food_court → optician,food_court,optician,0.453,0.072,4.65,0.76,0.72,0.0202,75,776,54
pharmacy → bakery,pharmacy,bakery,0.471,0.069,1.81,0.751,0.69,0.0202,1593,2065,1094
clothes → mobile_phone_shop,clothes,mobile_phone_shop,0.402,0.082,8.76,0.779,0.82,0.0202,3601,365,2965
taxi → pharmacy,taxi,pharmacy,0.48,0.067,2.4,0.755,0.67,0.02,202,1593,135
chemist → pharmacy,chemist,pharmacy,0.457,0.067,2.28,0.7,0.67,0.02,359,1593,242
optician → florist,optician,florist,0.483,0.066,4.04,0.764,0.66,0.0197,776,953,512
jeweller → kiosk,jeweller,kiosk,0.462,0.07,3.18,0.775,0.7,0.0197,842,1156,586
shoe_shop → bookshop,shoe_shop,bookshop,0.434,0.074,7.92,0.775,0.74,0.0196,710,436,524
taxi → bakery,taxi,bakery,0.465,0.068,1.79,0.779,0.68,0.0193,202,2065,137
toy_shop → optician,toy_shop,optician,0.39,0.083,4.0,0.806,0.83,0.0192,218,776,180
shoe_shop → travel_agent,shoe_shop,travel_agent,0.444,0.071,7.68,0.783,0.71,0.0191,710,460,502
newsagent → doctors,newsagent,doctors,0.385,0.085,1.55,0.832,0.85,0.0191,239,1979,203
food_court → florist,food_court,florist,0.48,0.063,4.01,0.729,0.63,0.0191,75,953,47
beauty_shop → bakery,beauty_shop,bakery,0.454,0.069,1.75,0.786,0.69,0.0189,1258,2065,864
toy_shop → beauty_shop,toy_shop,beauty_shop,0.404,0.077,2.55,0.781,0.77,0.0188,218,1258,167
stationery → doctors,stationery,doctors,0.386,0.083,1.55,0.824,0.83,0.0187,249,1979,206
beauty_shop → pharmacy,beauty_shop,pharmacy,0.448,0.068,2.24,0.788,0.68,0.0185,1258,1593,858
fast_food → pharmacy,fast_food,pharmacy,0.435,0.069,2.17,0.79,0.69,0.0182,2688,1593,1865
clothes → travel_agent,clothes,travel_agent,0.438,0.069,7.59,0.791,0.69,0.0182,3601,460,2469
chemist → bakery,chemist,bakery,0.457,0.065,1.76,0.783,0.65,0.018,359,2065,232
clothes → florist,clothes,florist,0.464,0.063,3.87,0.789,0.63,0.0176,3601,953,2254
travel_agent → kiosk,travel_agent,kiosk,0.441,0.064,3.04,0.769,0.64,0.0174,460,1156,295
beauty_shop → jeweller,beauty_shop,jeweller,0.346,0.084,3.27,0.816,0.84,0.0173,1258,842,1062
newsagent → optician,newsagent,optician,0.435,0.065,4.46,0.794,0.65,0.0171,239,776,156
newsagent → beauty_shop,newsagent,beauty_shop,0.41,0.069,2.59,0.802,0.69,0.017,239,1258,165
butcher → bakery,butcher,bakery,0.454,0.06,1.75,0.744,0.6,0.017,724,2065,431
food_court → travel_agent,food_court,travel_agent,0.44,0.063,7.61,0.773,0.63,0.0169,75,460,47
cafe → bakery,cafe,bakery,0.427,0.063,1.65,0.742,0.63,0.0168,3316,2065,2078
gift_shop → optician,gift_shop,optician,0.353,0.08,3.62,0.82,0.8,0.0167,496,776,398
shoe_shop → florist,shoe_shop,florist,0.448,0.062,3.74,0.792,0.62,0.0167,710,953,439
kiosk → pharmacy,kiosk,pharmacy,0.429,0.062,2.14,0.745,0.62,0.0166,1156,1593,715
laundry → beauty_shop,laundry,beauty_shop,0.386,0.071,2.44,0.782,0.71,0.0166,428,1258,303
taxi → railway_station,taxi,railway_station,0.485,0.052,3.15,0.699,0.52,0.0166,202,1226,106
clothes → kiosk,clothes,kiosk,0.438,0.062,3.02,0.792,0.62,0.0165,3601,1156,2242
gift_shop → beauty_shop,gift_shop,beauty_shop,0.369,0.074,2.33,0.802,0.74,0.0164,496,1258,368
video_shop → post_office,video_shop,post_office,0.5,0.05,2.96,0.7,0.5,0.0162,8,1345,4
optician → bookshop,optician,bookshop,0.416,0.065,7.6,0.812,0.65,0.0162,776,436,507
video_shop → gift_shop,video_shop,gift_shop,0.375,0.075,6.02,0.854,0.75,0.0161,8,496,6
fast_food → beauty_shop,fast_food,beauty_shop,0.365,0.075,2.31,0.816,0.75,0.0161,2688,1258,2011
food_court → bakery,food_court,bakery,0.413,0.064,1.59,0.787,0.64,0.016,75,2065,48
outdoor_shop → jeweller,outdoor_shop,jeweller,0.312,0.088,2.95,0.834,0.88,0.016,141,842,124
video_shop → florist,video_shop,florist,0.5,0.05,4.18,0.717,0.5,0.016,8,953,4
market_place → shoe_shop,market_place,shoe_shop,0.343,0.081,3.84,0.843,0.81,0.016,140,710,113
department_store → mobile_phone_shop,department_store,mobile_phone_shop,0.358,0.075,7.8,0.808,0.75,0.016,176,365,132
fast_food → bakery,fast_food,bakery,0.409,0.065,1.58,0.793,0.65,0.016,2688,2065,1742
department_store → beauty_shop,department_store,beauty_shop,0.341,0.08,2.16,0.834,0.8,0.0159,176,1258,141
bookshop → kiosk,bookshop,kiosk,0.413,0.064,2.84,0.804,0.64,0.0157,436,1156,277
chemist → optician,chemist,optician,0.379,0.068,3.88,0.787,0.68,0.0156,359,776,244
gift_shop → shoe_shop,gift_shop,shoe_shop,0.337,0.079,3.77,0.834,0.79,0.0156,496,710,394
shoe_shop → kiosk,shoe_shop,kiosk,0.42,0.062,2.89,0.796,0.62,0.0156,710,1156,438
cinema → optician,cinema,optician,0.389,0.068,3.99,0.847,0.68,0.0153,234,776,160
hairdresser → bakery,hairdresser,bakery,0.421,0.06,1.62,0.797,0.6,0.0152,4634,2065,2776
bookshop → florist,bookshop,florist,0.436,0.058,3.64,0.802,0.58,0.015,436,953,251
jeweller → pub,jeweller,pub,0.365,0.07,4.0,0.836,0.7,0.0149,842,725,592
optician → kiosk,optician,kiosk,0.418,0.059,2.87,0.792,0.59,0.0148,776,1156,454
cinema → jeweller,cinema,jeweller,0.329,0.078,3.11,0.853,0.78,0.0148,234,842,183
market_place → beauty_shop,market_place,beauty_shop,0.407,0.063,2.58,0.844,0.63,0.0148,140,1258,88
bookshop → travel_agent,bookshop,travel_agent,0.394,0.064,6.82,0.829,0.64,0.0147,436,460,277
clothes → gift_shop,clothes,gift_shop,0.363,0.068,5.82,0.818,0.68,0.0147,3601,496,2462
optician → travel_agent,optician,travel_agent,0.393,0.062,6.8,0.802,0.62,0.0147,776,460,485
hairdresser → pharmacy,hairdresser,pharmacy,0.41,0.059,2.05,0.801,0.59,0.0145,4634,1593,2734
travel_agent → mobile_phone_shop,travel_agent,mobile_phone_shop,0.348,0.07,7.58,0.817,0.7,0.0145,460,365,324
travel_agent → florist,travel_agent,florist,0.424,0.057,3.54,0.808,0.57,0.0145,460,953,264
optician → mobile_phone_shop,optician,mobile_phone_shop,0.349,0.069,7.61,0.803,0.69,0.0143,776,365,532
cafe → pharmacy,cafe,pharmacy,0.386,0.061,1.93,0.804,0.61,0.0141,3316,1593,2025
shoe_shop → sports_shop,shoe_shop,sports_shop,0.394,0.059,3.62,0.787,0.59,0.014,710,868,417
beauty_shop → optician,beauty_shop,optician,0.359,0.066,3.68,0.821,0.66,0.014,1258,776,834
clothes → sports_shop,clothes,sports_shop,0.385,0.061,3.53,0.813,0.61,0.0139,3601,868,2192
florist → pharmacy,florist,pharmacy,0.407,0.057,2.03,0.796,0.57,0.0139,953,1593,541
florist → bakery,florist,bakery,0.397,0.058,1.53,0.793,0.58,0.0138,953,2065,548
newsagent → jeweller,newsagent,jeweller,0.331,0.07,3.12,0.824,0.7,0.0137,239,842,168
stationery → travel_agent,stationery,travel_agent,0.382,0.061,6.6,0.825,0.61,0.0137,249,460,152
travel_agent → bookshop,travel_agent,bookshop,0.385,0.06,7.02,0.827,0.6,0.0136,460,436,277
outdoor_shop → sports_shop,outdoor_shop,sports_shop,0.348,0.065,3.19,0.798,0.65,0.0135,141,868,91
gift_shop → pharmacy,gift_shop,pharmacy,0.389,0.057,1.94,0.793,0.57,0.0134,496,1593,284
bookshop → mobile_phone_shop,bookshop,mobile_phone_shop,0.337,0.068,7.35,0.828,0.68,0.0134,436,365,296
taxi → kiosk,taxi,kiosk,0.386,0.053,2.66,0.752,0.53,0.0129,202,1156,108
bus_station → railway_station,bus_station,railway_station,0.436,0.045,2.83,0.75,0.45,0.0124,55,1226,25
dentist → pharmacy,dentist,pharmacy,0.381,0.055,1.91,0.822,0.55,0.0123,645,1593,352
stationery → florist,stationery,florist,0.402,0.052,3.35,0.817,0.52,0.0123,249,953,129
computer_shop → pharmacy,computer_shop,pharmacy,0.379,0.055,1.89,0.817,0.55,0.0122,214,1593,117
chemist → shoe_shop,chemist,shoe_shop,0.306,0.067,3.43,0.812,0.67,0.0122,359,710,241
newsagent → shoe_shop,newsagent,shoe_shop,0.335,0.061,3.75,0.829,0.61,0.012,239,710,146
bar → pharmacy,bar,pharmacy,0.366,0.057,1.83,0.837,0.57,0.012,2240,1593,1267
dentist → beauty_shop,dentist,beauty_shop,0.327,0.062,2.07,0.829,0.62,0.0119,645,1258,401
pub → pharmacy,pub,pharmacy,0.372,0.054,1.86,0.835,0.54,0.0118,725,1593,395
stationery → bookshop,stationery,bookshop,0.349,0.057,6.38,0.828,0.57,0.0117,249,436,142
bakery → pharmacy,bakery,pharmacy,0.366,0.053,1.83,0.806,0.53,0.0116,2065,1593,1094
cinema → shoe_shop,cinema,shoe_shop,0.321,0.064,3.59,0.865,0.64,0.0116,234,710,149
mobile_phone_shop → sports_shop,mobile_phone_shop,sports_shop,0.389,0.05,3.57,0.817,0.5,0.0115,365,868,183
outdoor_shop → pharmacy,outdoor_shop,pharmacy,0.362,0.055,1.81,0.847,0.55,0.0115,141,1593,78
pharmacy → optician,pharmacy,optician,0.328,0.059,3.37,0.818,0.59,0.0113,1593,776,932
clothes → pub,clothes,pub,0.322,0.061,3.53,0.854,0.61,0.0112,3601,725,2195
jeweller → sports_shop,jeweller,sports_shop,0.36,0.054,3.3,0.84,0.54,0.0112,842,868,453
laundry → kiosk,laundry,kiosk,0.364,0.052,2.51,0.82,0.52,0.0112,428,1156,222
mobile_phone_shop → dentist,mobile_phone_shop,dentist,0.351,0.055,4.33,0.838,0.55,0.0112,365,645,201
supermarket → pharmacy,supermarket,pharmacy,0.372,0.049,1.86,0.785,0.49,0.0111,3462,1593,1696
bookshop → gift_shop,bookshop,gift_shop,0.312,0.062,5.0,0.851,0.62,0.0111,436,496,271
university → bicycle_rental,university,bicycle_rental,0.36,0.05,3.11,0.805,0.5,0.0107,111,923,55
video_shop → bicycle_rental,video_shop,bicycle_rental,0.375,0.05,3.23,0.862,0.5,0.0107,8,923,4
beauty_shop → kiosk,beauty_shop,kiosk,0.371,0.049,2.56,0.83,0.49,0.0106,1258,1156,615
toy_shop → kiosk,toy_shop,kiosk,0.358,0.051,2.46,0.835,0.51,0.0106,218,1156,111
fast_food → kiosk,fast_food,kiosk,0.34,0.052,2.34,0.824,0.52,0.0105,2688,1156,1409
mall → kiosk,mall,kiosk,0.349,0.049,2.4,0.768,0.49,0.0105,43,1156,21
stationery → kiosk,stationery,kiosk,0.365,0.049,2.52,0.818,0.49,0.0105,249,1156,121
toy_shop → florist,toy_shop,florist,0.367,0.049,3.06,0.835,0.49,0.0104,218,953,106
bar → beauty_shop,bar,beauty_shop,0.303,0.06,1.91,0.857,0.6,0.0104,2240,1258,1344
video_shop → shoe_shop,video_shop,shoe_shop,0.375,0.05,4.2,0.892,0.5,0.0104,8,710,4
bookshop → pub,bookshop,pub,0.305,0.059,3.35,0.858,0.59,0.0103,436,725,257
chemist → beauty_shop,chemist,beauty_shop,0.312,0.057,1.97,0.854,0.57,0.0102,359,1258,205
mall → mobile_phone_shop,mall,mobile_phone_shop,0.302,0.058,6.59,0.841,0.58,0.0102,43,365,25
market_place → florist,market_place,florist,0.357,0.05,2.98,0.861,0.5,0.0102,140,953,70
computer_shop → beauty_shop,computer_shop,beauty_shop,0.308,0.057,1.95,0.84,0.57,0.0102,214,1258,122
bus_station → pharmacy,bus_station,pharmacy,0.364,0.047,1.82,0.829,0.47,0.0101,55,1593,26
hairdresser → optician,hairdresser,optician,0.307,0.056,3.15,0.847,0.56,0.0099,4634,776,2590
pub → beauty_shop,pub,beauty_shop,0.31,0.055,1.96,0.846,0.55,0.0099,725,1258,399
shoe_shop → gift_shop,shoe_shop,gift_shop,0.307,0.055,4.93,0.851,0.55,0.0098,710,496,394
newsagent → railway_station,newsagent,railway_station,0.372,0.041,2.42,0.751,0.41,0.0095,239,1226,98
fast_food → optician,fast_food,optician,0.301,0.055,3.08,0.854,0.55,0.0095,2688,776,1475
florist → optician,florist,optician,0.306,0.054,3.14,0.841,0.54,0.0095,953,776,512
tram_stop → pharmacy,tram_stop,pharmacy,0.34,0.048,1.7,0.831,0.48,0.0095,1241,1593,592
gift_shop → bookshop,gift_shop,bookshop,0.302,0.055,5.52,0.853,0.55,0.0095,496,436,271
food_court → bookshop,food_court,bookshop,0.36,0.044,6.57,0.809,0.44,0.0094,75,436,33
dentist → optician,dentist,optician,0.302,0.054,3.1,0.856,0.54,0.0093,645,776,347
newsagent → florist,newsagent,florist,0.351,0.044,2.93,0.813,0.44,0.0091,239,953,104
beauty_shop → florist,beauty_shop,florist,0.345,0.045,2.88,0.841,0.45,0.0091,1258,953,572
jeweller → stationery,jeweller,stationery,0.344,0.045,11.01,0.845,0.45,0.009,842,249,383
pharmacy → kiosk,pharmacy,kiosk,0.335,0.045,2.3,0.81,0.45,0.0089,1593,1156,715
gift_shop → kiosk,gift_shop,kiosk,0.333,0.045,2.29,0.842,0.45,0.0087,496,1156,225
video_shop → furniture_shop,video_shop,furniture_shop,0.375,0.038,5.31,0.772,0.38,0.0086,8,562,3
toy_shop → bookshop,toy_shop,bookshop,0.303,0.049,5.53,0.846,0.49,0.0086,218,436,107
bus_station → post_office,bus_station,post_office,0.364,0.038,2.15,0.784,0.38,0.0084,55,1345,21
mobile_phone_shop → chemist,mobile_phone_shop,chemist,0.348,0.041,7.71,0.827,0.41,0.0083,365,359,149
optician → dentist,optician,dentist,0.325,0.045,4.01,0.858,0.45,0.0083,776,645,347
butcher → pharmacy,butcher,pharmacy,0.32,0.045,1.6,0.836,0.45,0.0083,724,1593,323
clinic → pharmacy,clinic,pharmacy,0.321,0.045,1.6,0.849,0.45,0.0083,246,1593,111
jeweller → dentist,jeweller,dentist,0.319,0.045,3.94,0.861,0.45,0.0082,842,645,380
sports_shop → pharmacy,sports_shop,pharmacy,0.303,0.047,1.51,0.85,0.47,0.0081,868,1593,405
department_store → bookshop,department_store,bookshop,0.301,0.045,5.5,0.843,0.45,0.0079,176,436,80
chemist → florist,chemist,florist,0.329,0.04,2.74,0.842,0.4,0.0077,359,953,145
doctors → pharmacy,doctors,pharmacy,0.322,0.041,1.61,0.846,0.41,0.0077,1979,1593,819
mall → chemist,mall,chemist,0.302,0.042,6.7,0.808,0.42,0.0075,43,359,18
beverages → pharmacy,beverages,pharmacy,0.302,0.042,1.51,0.848,0.42,0.0074,430,1593,182
optician → sports_shop,optician,sports_shop,0.303,0.043,2.78,0.861,0.43,0.0074,776,868,332
car_rental → railway_station,car_rental,railway_station,0.352,0.036,2.28,0.828,0.36,0.0073,287,1226,102
food_court → chemist,food_court,chemist,0.32,0.037,7.09,0.799,0.37,0.0072,75,359,28
hairdresser → kiosk,hairdresser,kiosk,0.308,0.041,2.12,0.852,0.41,0.0072,4634,1156,1886
cinema → kiosk,cinema,kiosk,0.312,0.04,2.15,0.878,0.4,0.007,234,1156,93
food_court → sports_shop,food_court,sports_shop,0.32,0.036,2.93,0.844,0.36,0.0067,75,868,27
shoe_shop → dentist,shoe_shop,dentist,0.303,0.039,3.74,0.875,0.39,0.0067,710,645,279
chemist → kiosk,chemist,kiosk,0.306,0.037,2.11,0.821,0.37,0.0066,359,1156,132
bus_station → kiosk,bus_station,kiosk,0.309,0.036,2.13,0.834,0.36,0.0066,55,1156,20
mobile_phone_shop → stationery,mobile_phone_shop,stationery,0.315,0.036,10.07,0.858,0.36,0.0065,365,249,131
jeweller → toy_shop,jeweller,toy_shop,0.302,0.036,11.01,0.87,0.36,0.0061,842,218,300
mall → post_office,mall,post_office,0.302,0.03,1.79,0.806,0.3,0.0055,43,1345,13
newsagent → post_office,newsagent,post_office,0.305,0.031,1.81,0.852,0.31,0.0054,239,1345,74
